customer_id,first_name,last_name,email,phone_number,address,date_of_birth,registration_date
CU9395,Kenneth,Liu,cscott@example.org,+1-868-262-7751,"4290 Tina Mountain
New Randall, AS 30301",1973-11-04,2023-05-04 10:29:48
CU3874,Thomas,Davis,knightdiana@example.net,780.389.5436,"03323 Veronica Rest
New Benjaminton, FM 78115",1962-07-20,2022-11-15 16:39:00
CU7503,Jesse,Brown,debbie15@example.org,5995922619,"6601 Phillip Mews
Port Nicole, RI 83151",1945-10-28,2022-09-14 02:56:18
CU8339,Kevin,Klein,brucejacob@example.com,(686)528-0235x62011,"36918 Wallace Lights Suite 895
Davismouth, UT 11111",1983-02-17,2022-10-04 18:16:39
CU4986,Richard,Garcia,phendricks@example.com,5677438831,"2886 Ronald Camp
East Michael, DE 79596",1990-11-30,2022-03-24 14:40:39
CU9283,Andre,Moore,xwright@example.net,(380)323-1115x788,"767 Jeffrey Glen
Ramirezberg, KY 47026",1965-06-29,2024-04-11 01:06:30
CU5883,Marissa,Berger,adkinsmadison@example.com,(603)397-5383,"462 Kelsey Summit Apt. 205
West Rachael, MT 86282",2005-07-17,2024-05-28 06:50:26
CU7189,Paula,Mcgee,tcollins@example.net,579-465-4520x41732,"09902 Deborah Ranch Suite 726
Garrettfurt, AR 95832",1981-01-20,2024-09-20 08:04:26
CU8174,Carolyn,Dickerson,karadavis@example.net,938.829.2562,"25796 Jennifer Parks
North Brandi, MD 59894",2002-12-04,2024-07-08 13:45:50
CU5276,Gregory,Adams,tranantonio@example.net,680.745.7190x282,"02464 Jeanette Loop
East Patriciabury, DC 27634",1979-05-29,2023-01-27 14:01:16
CU4237,Logan,Greene,justinmiller@example.net,(746)707-0851x683,"0449 Nunez Lodge Suite 479
Lake Paul, RI 08098",1978-09-15,2024-11-09 17:33:47
CU5223,Cheryl,Young,daltonmary@example.org,001-698-715-8170,"97031 Cruz Street
Millsfurt, MO 18993",1954-02-19,2024-09-09 13:52:31
CU8440,Michael,Reed,josephfrancis@example.com,001-359-605-7504x5693,"005 Stewart Groves Suite 085
Brownchester, IN 62380",1980-11-29,2022-04-15 15:23:01
CU8684,John,Vargas,lisa57@example.org,+1-571-735-9720,"USNV Johnson
FPO AA 90209",1969-09-07,2025-02-06 18:30:03
CU4288,Kevin,Baker,lisalyons@example.net,+1-329-807-9150x415,"634 Candice Forge Apt. 924
Tammytown, KY 17870",1993-01-07,2024-11-12 07:17:35
CU2663,Brenda,Williams,solomonsusan@example.org,424.622.9618x355,"151 Samantha Junction
North Reginald, PW 37773",1995-05-21,2024-11-13 23:57:58
CU1487,Jason,Hernandez,kturner@example.net,557.746.5225x721,"55491 Carlos Mountains Suite 005
Johnnystad, FL 22907",1957-04-09,2022-11-21 02:01:08
CU9388,Kaylee,Salinas,millerjames@example.com,4042685042,"9637 Alyssa Radial Apt. 038
South Jonathantown, NY 88892",1995-09-18,2024-07-09 13:30:47
CU7935,Nathan,Brewer,james70@example.org,001-531-741-7703x451,"4461 Dudley Canyon Apt. 915
North Timothyborough, VA 18968",1972-01-15,2022-03-28 19:13:50
CU4833,Lisa,Pierce,christinamiles@example.net,650-646-3575x340,"0838 Guerra Plaza
Nguyenmouth, FM 77535",1971-03-31,2022-08-17 03:00:01
CU6667,Mary,Shields,michaellittle@example.com,+1-310-860-4174,"24860 Michael Mission Suite 644
Swansonmouth, VT 34083",2003-05-19,2022-09-20 05:10:52
CU1808,Adam,Todd,whitekrista@example.com,564-451-0397,"934 Hoffman Trail
Jerryshire, ME 90096",1984-12-23,2022-11-11 00:08:16
CU3921,Patrick,Garcia,sharon45@example.com,345.837.2340x4619,"8114 Bell Mews
West Amanda, LA 96721",1996-05-12,2023-07-22 00:31:44
CU4275,Kim,Young,estradamatthew@example.com,356-729-7704x3763,"PSC 0703, Box 5240
APO AA 06318",1955-02-15,2024-05-20 18:55:15
CU8119,Jason,Vazquez,zlara@example.com,+1-499-902-0475,"Unit 9741 Box 3516
DPO AE 50163",1986-10-12,2022-03-20 20:59:05
CU3936,Amanda,Perkins,justinfields@example.org,001-821-583-4302,"44703 Richard Tunnel
Emilyborough, OK 51536",2002-04-12,2024-09-03 07:09:32
CU6729,Tricia,Anderson,laurafaulkner@example.net,(952)241-8583x854,"4595 George Bridge
Jacquelineland, PR 19115",2004-04-03,2022-05-15 19:01:44
CU3972,Matthew,Marquez,ericbaker@example.net,+1-293-630-1954x5572,"Unit 8681 Box 3330
DPO AE 85438",1950-03-11,2023-07-29 19:52:46
CU6312,Michael,Moore,angelaherrera@example.net,414.562.4917,"2641 Brock Crescent
South Matthew, NJ 09895",1952-02-25,2023-03-17 04:27:10
CU3033,Steve,Huynh,jmercado@example.com,001-397-599-0192x0640,"USNS Oneill
FPO AP 12512",1964-06-27,2022-04-25 16:42:17
CU6530,Laura,Carpenter,annconner@example.org,944.949.4165,"USS Burns
FPO AP 37924",1963-04-15,2023-07-11 05:15:13
CU2831,Brandon,Barry,marcusschneider@example.org,482-356-1214,"790 Smith Field Apt. 337
New Elizabethfort, DE 67813",1980-04-27,2023-03-24 04:26:14
CU7506,Darlene,Moore,lisabradley@example.com,874.560.6564x1593,"5977 Graham Dam
Nicolefurt, LA 79434",1976-04-27,2022-12-11 14:58:13
CU1013,Kent,Wood,moorewilliam@example.org,(423)592-4627x54992,"039 Mark Crossing
Kimville, UT 46014",1981-02-11,2024-02-04 21:38:34
CU4244,Christian,Johnson,michael30@example.net,001-451-376-7999,"37470 Swanson Plains
Lake David, PW 40070",2001-12-22,2022-09-30 20:23:38
CU2522,James,Hines,vthomas@example.org,982-207-7516x49689,"6258 Diana Meadows Apt. 712
East Amanda, MT 87244",1999-08-24,2023-02-25 03:58:57
CU1608,Roberto,French,michellewells@example.com,+1-830-294-9834x2986,"USNV Peterson
FPO AP 33879",1953-11-14,2024-01-17 16:39:28
CU8651,Keith,Short,phillipseric@example.net,(869)552-0759,"Unit 9731 Box 9309
DPO AP 02344",1958-05-17,2024-12-29 20:35:14
CU5347,Sandra,Jones,jgoodman@example.net,001-530-992-7473x3797,"9630 Wendy Burg Suite 887
Joshuaview, ME 10981",1966-04-30,2022-08-05 16:24:38
CU7872,Maria,Wilson,michellemosley@example.org,228.993.3292x301,"Unit 4284 Box 8406
DPO AA 52194",1948-12-10,2024-11-18 22:25:02
CU8091,Patricia,Blankenship,albert14@example.org,363.412.1620x8315,"24152 Moore Motorway
Jamesberg, MT 87264",1951-07-26,2023-12-17 11:08:15
CU4831,Christopher,Le,tboyd@example.net,+1-555-397-2316x372,"3827 Ruiz Drives Suite 281
New Erinburgh, UT 50331",2002-05-05,2022-06-25 02:01:42
CU3639,Michele,Smith,cooperdillon@example.net,738.981.3308x737,"38952 Jason Pike
Gregoryville, NM 27096",1984-08-19,2024-01-02 03:26:16
CU2609,Cameron,Moss,tompetty@example.com,453.420.2379,"5562 Mike Road
Port Zacharyland, OH 68464",1961-07-08,2023-05-12 00:32:40
CU1329,Joshua,Hoover,tracyponce@example.org,(279)830-8428,"90639 Jeremy Shores
Donaldbury, OH 99636",2006-07-24,2022-06-26 02:57:07
CU5464,Sean,Ryan,walter73@example.net,6225177695,"86766 Tanner Drives Apt. 432
Lake Christopher, AS 96861",1986-05-23,2022-08-14 09:03:57
CU1370,Maria,Moore,mary96@example.net,429.423.4242x73222,"9258 Powell Pines Apt. 618
Port Cynthiaborough, FL 84421",1978-11-18,2023-06-08 07:17:07
CU4383,Savannah,Duran,holmesjoseph@example.org,+1-557-631-4389x81597,"4715 Carroll Glens
Blakechester, GA 38176",1976-11-14,2024-03-27 00:12:59
CU9903,Andrew,Bradford,nicolasbarnes@example.net,911-692-3786,"PSC 1601, Box 1849
APO AA 07362",1969-12-10,2022-06-19 18:39:42
CU9727,Gabrielle,Lane,smithsally@example.org,001-283-487-6108x8873,"352 Hale Loop
Sandersmouth, IN 49948",1978-09-23,2025-01-13 01:44:54
CU8023,Christopher,Wilson,taraliu@example.net,001-946-205-8069x11770,"1884 Jones Unions Apt. 862
North Rickyhaven, NM 45312",1948-04-18,2022-07-08 20:22:51
CU6601,Samuel,Gonzalez,umarks@example.net,261.827.6454x70904,"872 John Ports Suite 917
Ochoaburgh, CA 15260",1993-05-28,2024-04-17 17:51:19
CU3255,Tammy,Hernandez,mckinneyroger@example.com,372-271-6377,"PSC 6611, Box 3290
APO AP 70003",1949-03-19,2023-12-11 17:09:24
CU9434,Brandon,Curry,patricia63@example.org,001-613-428-7369x17083,"47884 Samantha Flats Apt. 321
Lake Brianburgh, SC 37240",1961-10-28,2022-05-22 07:19:18
CU9715,Emily,Johnson,meagan06@example.net,(465)714-7000,"5080 Garcia Flat
South Jessefort, MO 92602",1946-02-27,2024-01-15 15:31:42
CU1652,Wendy,Clark,david42@example.com,797-957-8315x177,"73142 Boyd Ridge
Port Monica, SD 66758",1989-07-04,2022-11-17 08:39:08
CU9205,Karen,May,mooneynathan@example.com,203.456.2856,"24447 Michael Station Apt. 872
Latoyafort, NC 68790",1976-09-15,2022-09-04 10:51:50
CU9366,Walter,Kelly,darlenetrujillo@example.net,+1-739-609-8597,"985 Craig Ville Suite 029
New Ryan, CT 27074",1978-07-03,2024-04-12 13:29:45
CU4970,Caitlin,Levy,wileyjason@example.com,+1-856-351-8018x30988,"9082 Wall Shoal Apt. 887
Port Joshuaburgh, AR 25853",1946-06-24,2023-07-26 09:37:36
CU4145,Gregory,Johnson,matthew53@example.com,689-377-1205x422,"Unit 5746 Box 8175
DPO AP 59343",1982-02-05,2024-08-24 13:54:39
CU8562,Laura,Williams,batessarah@example.net,536.558.6686x6168,"06711 Bell Villages
Wadetown, LA 89090",1957-05-21,2024-05-24 14:08:02
CU7053,Patricia,Smith,michaelmayo@example.net,+1-679-491-8720x68012,"978 Kristen Ports
New Meganberg, AR 42681",1991-11-02,2022-10-18 22:02:50
CU1851,Michael,Rosales,trevinochris@example.net,001-640-593-1330x073,"89072 Christopher Creek
West William, MA 97110",1993-06-10,2022-10-04 14:39:22
CU8767,Joseph,Solis,stephenskathy@example.org,(986)973-0533x802,"859 Paul Stream Apt. 219
North Melissahaven, SC 52702",1990-07-01,2023-01-23 19:19:09
CU7700,Pedro,Long,santiagorachel@example.org,480-540-9212x9699,"12084 Kathleen Motorway
Lake Douglasshire, KS 14002",1964-05-13,2022-03-09 14:35:56
CU6605,Deanna,Webb,mharmon@example.com,967.291.3792x47697,"PSC 4158, Box 1456
APO AE 29510",1972-08-16,2022-09-23 00:18:44
CU6742,John,Pittman,greenbrianna@example.net,(587)358-1144x567,"95830 Brian Mill
Jordanview, NY 22261",1951-09-23,2023-03-23 00:44:11
CU5911,April,Sheppard,cole76@example.com,(427)307-5688x1298,"482 Hood Alley
East Derrickland, PR 62925",1972-10-01,2023-10-16 21:20:51
CU5652,Tyler,Morgan,zjohnson@example.org,(741)497-2297,"76618 Stewart Villages Apt. 855
Coleland, NC 68115",1968-09-28,2023-12-27 06:46:28
CU6929,Pamela,Melendez,rosejustin@example.org,(809)667-7346,"2462 Anderson Bypass
West Paulchester, AR 56896",1997-08-16,2022-07-01 06:47:27
CU1653,Monique,Hall,nsmith@example.net,+1-928-605-4985x09408,"616 Caitlin Green
West Danielle, OH 72718",1995-06-04,2022-12-15 19:23:18
CU5902,James,Butler,zavalajeff@example.com,(453)269-9200,"15238 Castaneda Lock Suite 202
West Kathrynside, GA 09122",1968-01-15,2024-01-26 23:18:22
CU9723,Garrett,Cook,mrich@example.com,(858)894-2430x247,"13598 Brent Tunnel Apt. 470
Michaelborough, IL 44819",1996-09-19,2022-07-06 19:28:31
CU9069,Michelle,Orr,brian46@example.net,(425)703-6925x6185,"486 Gallagher Underpass
Garciachester, FM 60882",1965-09-18,2022-12-29 19:40:20
CU7944,Zachary,Sullivan,kimberlypeterson@example.com,897.951.0506,"6414 Webb Inlet
Lake Dustinton, NH 33650",2002-06-02,2023-09-15 15:21:29
CU6182,Scott,Vega,qgonzales@example.net,(565)730-9447x99653,"176 Hannah Spring Apt. 078
Johnport, VI 41274",1967-06-26,2022-05-03 21:13:03
CU1442,Timothy,Mcpherson,cyoung@example.org,427-297-0284x819,"28821 Elliott Ways Apt. 298
New Charlene, AR 78169",1977-07-20,2023-07-02 11:10:07
CU9821,Mary,Coleman,kmartinez@example.net,(604)458-9170,"71583 Randy Ford
Armstrongtown, MT 25341",1986-11-15,2023-09-03 08:27:15
CU4517,Michael,Barnes,stacey92@example.com,(809)881-1575x56351,"689 Taylor Garden Suite 101
Dunntown, OH 52095",1963-08-15,2024-09-07 02:35:26
CU4416,Elaine,Santiago,amber10@example.org,(312)411-5687x3407,"3061 Briana Mountains Suite 094
South Bob, NC 54388",2001-10-16,2022-06-07 21:10:37
CU8961,Breanna,Mcknight,patricia04@example.org,848.206.2355x24181,"203 Adam Lodge Apt. 366
North Dylan, MD 82399",1977-08-02,2022-12-17 14:22:59
CU6702,Jessica,Thompson,jrodriguez@example.com,(702)632-2589x7604,"3684 Terry Villages Apt. 955
Andrefort, NJ 45406",1956-01-12,2022-10-09 00:41:40
CU2111,Julia,Smith,stephaniegraham@example.org,(394)772-8887x8493,"8668 Villarreal Lock Suite 087
Jessestad, AZ 88505",2001-05-16,2024-03-19 05:29:55
CU2120,Amanda,Mcfarland,susanscott@example.net,844-304-8628x686,"547 Jennifer Meadows
Brownbury, PR 38214",1971-05-28,2023-12-27 01:10:40
CU3093,Kevin,Marsh,amartinez@example.net,(877)537-1186,"778 Mccarthy Springs Apt. 173
New Johnside, VT 21436",1984-11-30,2024-07-09 15:26:23
CU8482,Marie,Perez,pauldavis@example.com,(506)864-1825,"0685 Gonzalez Mission
Hubbardhaven, KY 54723",2002-07-05,2022-10-08 18:55:18
CU1490,Joseph,Brown,hwalker@example.com,(786)398-6583x3596,"649 Sullivan Views Apt. 676
West Tylershire, WY 25367",1954-04-15,2024-08-26 07:49:18
CU1605,Kellie,Mckee,moniquechaney@example.org,641.646.4999x096,"674 Conway Keys
Ronaldbury, ND 96925",1995-01-14,2022-03-07 20:02:14
CU4283,Eric,May,tiffany17@example.net,795.605.1137x49716,"82038 Isaiah Throughway Apt. 258
North Matthewburgh, KS 36889",1989-04-01,2022-03-04 02:10:03
CU8607,Lauren,Jones,madelinejackson@example.net,001-756-881-9201x281,"46891 Anthony Cliff Apt. 696
Michaelberg, GA 44931",2005-04-23,2023-05-08 20:13:33
CU1713,Jennifer,Jenkins,kfox@example.com,001-865-340-1276x162,"69738 Joel Point Apt. 795
Lake Jennifer, RI 46848",1989-02-06,2024-09-11 17:32:52
CU2803,Jonathan,Cunningham,torresjulie@example.net,594-213-8078,"USNV Harper
FPO AA 44670",1962-07-27,2023-11-25 12:22:27
CU3765,Savannah,Johnson,emccall@example.com,001-852-722-8351,"09914 Lee Isle Apt. 933
Scottfurt, GU 53169",1956-12-11,2022-05-18 20:08:03
CU2631,Zachary,Woods,charper@example.com,463-201-3797x283,"6955 Adams Parks
Jonathanmouth, AS 73757",1982-11-16,2023-07-19 04:49:02
CU1891,Caitlin,Christian,vasquezcheryl@example.org,9418322571,"2252 Robertson Key Suite 915
West James, MT 76508",1984-08-14,2024-05-21 20:24:27
CU6711,Tina,Perry,burkemarcus@example.com,+1-578-563-1289,"54400 Hamilton Run
North Michael, KY 15004",1987-01-15,2022-03-06 15:54:42
CU3589,Robert,Lopez,mark12@example.com,(248)899-5774x7951,"187 Paul Estate Apt. 577
Port Michelle, MS 19000",1970-09-01,2022-08-01 11:40:51
CU5711,Deborah,Martinez,toddrobert@example.org,647-371-2488x34407,"398 Eric Knoll
Joyceland, ND 81916",1978-10-05,2022-05-06 22:52:01
CU9798,Jack,Dougherty,rodgersbryan@example.net,+1-675-422-4364x69095,"205 Sherry Brook
New Sherri, CO 77717",1982-02-21,2025-01-11 01:29:59
CU7495,Megan,Thompson,chapmanparker@example.org,+1-904-418-5236,"06110 Gross Keys Suite 018
Baileyside, MS 26512",1993-01-24,2023-12-10 19:59:37
